04_T20.LA.1,05_T20.LA.2,06_T20.LA.3,07_T20.LA.4,08_T20.LA.5,09_T10.LB.1,10_T20.LB.1,12_T20.LB.3,14_T20.LB.5,16_T20.LC.1,17_T20.LC.2,18_T20.LC.3,20_T20.LC.5,34_U20.LD.2,36_U20.LE.2,37_U20.LF.1,38_U20.LF.2
04_T20.LA.1,4,1,1,0,0,1,0,0,0,1,0,1,0,0,0,0,0
05_T20.LA.2,1,1,1,0,0,1,0,0,0,1,0,1,0,0,0,0,0
06_T20.LA.3,1,1,1,0,0,1,0,0,0,1,0,1,0,0,0,0,0
07_T20.LA.4,0,0,0,1,0,0,0,0,0,0,0,0,0,0,0,0,0
08_T20.LA.5,0,0,0,0,2,0,0,0,0,0,0,0,0,0,0,0,0
09_T10.LB.1,1,1,1,0,0,1,0,0,0,1,0,1,0,0,0,0,0
10_T20.LB.1,0,0,0,0,0,0,4,0,0,0,0,0,0,0,0,0,0
12_T20.LB.3,0,0,0,0,0,0,0,5,0,0,0,0,0,0,0,0,0
14_T20.LB.5,0,0,0,0,0,0,0,0,2,0,0,0,0,0,0,0,0
16_T20.LC.1,1,1,1,0,0,1,0,0,0,5,0,3,0,0,0,0,0
17_T20.LC.2,0,0,0,0,0,0,0,0,0,0,1,0,0,0,0,0,0
18_T20.LC.3,1,1,1,0,0,1,0,0,0,3,0,8,0,0,0,0,0
20_T20.LC.5,0,0,0,0,0,0,0,0,0,0,0,0,1,0,0,0,0
34_U20.LD.2,0,0,0,0,0,0,0,0,0,0,0,0,0,2,0,0,0
36_U20.LE.2,0,0,0,0,0,0,0,0,0,0,0,0,0,0,1,0,0
37_U20.LF.1,0,0,0,0,0,0,0,0,0,0,0,0,0,0,0,3,0
38_U20.LF.2,0,0,0,0,0,0,0,0,0,0,0,0,0,0,0,0,1
